metodo,documento,pergunta,rouge1_mean,rouge1_std,rouge2_mean,rouge2_std,rougeL_mean,rougeL_std,rougeLsum_mean,rougeLsum_std,bleu_mean,bleu_std,bertscore_precision_mean,bertscore_precision_std,bertscore_recall_mean,bertscore_recall_std,bertscore_f1_mean,bertscore_f1_std,f1_token_mean,f1_token_std,exact_match_mean,exact_match_std,latencia_segundos_mean,latencia_segundos_std,n_fontes_mean,n_fontes_std
bm25,CURSO_SUPERIOR_DE_TECNOLOGIA_EM_ANÁLISE_E_DESENVOLVIMENTO_DE_SISTEMAS.pdf,Em que ano o Curso Superior de Tecnologia em Análise e Desenvolvimento de Sistemas foi criado no Campus de Picos?,0.96,0.02108185106778917,0.8315789473684211,0.08876568870648081,0.9200000000000002,0.04216370213557838,0.9200000000000002,0.04216370213557838,0.7738268758725204,0.11920370295980309,0.9896214365959167,0.005469951785156158,0.9927144408226013,0.003839795423680994,0.9911649107933045,0.004656469456248587,0.95,0.026352313834736497,0.2,0.4216370213557839,3.5793,0.009672412085698018,4.0,0.0
bm25,CURSO_SUPERIOR_DE_TECNOLOGIA_EM_ANÁLISE_E_DESENVOLVIMENTO_DE_SISTEMAS.pdf,Qual é a carga horária total do Curso Superior de Tecnologia em Análise e Desenvolvimento de Sistemas?,0.391304347826087,0.0,0.22727272727272724,0.0,0.30434782608695654,0.0,0.30434782608695654,0.0,0.11117895489854909,0.0,0.81644606590271,0.0,0.9267646074295044,0.0,0.8681145906448364,0.0,0.43243243243243246,0.0,0.0,0.0,4.41391,0.007877175184600401,4.0,0.0
bm25,CURSO_SUPERIOR_DE_TECNOLOGIA_EM_ANÁLISE_E_DESENVOLVIMENTO_DE_SISTEMAS.pdf,Qual é a unidade de oferta do Curso Superior de Tecnologia em Análise e Desenvolvimento de Sistemas descrita no PPC?,0.41723666210670307,0.0028839741542803156,0.2966463414634147,0.00835561170369692,0.41723666210670307,0.0028839741542803156,0.41723666210670307,0.0028839741542803156,0.12758164470883465,0.021132895920806073,0.833970057964325,0.007479619303875359,0.9407880067825317,0.009743793775075301,0.8840903043746948,0.00021688505973222572,0.43684210526315786,0.03328713326493032,0.0,0.0,4.2475000000000005,0.3655631880324446,4.0,0.0
bm25,CURSO_SUPERIOR_DE_TECNOLOGIA_EM_ANÁLISE_E_DESENVOLVIMENTO_DE_SISTEMAS.pdf,Quantas vagas por ano são ofertadas no Curso Superior de Tecnologia em Análise e Desenvolvimento de Sistemas?,0.45111111111111113,0.010734353145325524,0.3097142857142857,0.016561573424216484,0.45111111111111113,0.010734353145325524,0.45111111111111113,0.010734353145325524,0.12842329454171356,0.006801764581509049,0.8327477991580963,0.0057865429065076706,0.9561443090438843,0.0012009626762808415,0.8901837170124054,0.0038208130023937785,0.4915555555555556,0.018606212118564218,0.0,0.0,3.4789299999999996,0.08066851306426823,4.0,0.0
bm25,"RESOLUÇÃO NORMATIVA Nº 217-2024-Atualiza o Regimento Interno da Comissão Permanente de Pessoal Docente (CPPD), no âmbito do Instituto Federal de Educação, Ciência e Tecnologia do Piauí (IFPI)..pdf",Como é composta a CPPD do IFPI em número de membros titulares e suplentes?,0.5625,0.0,0.4000000000000001,0.0,0.5625,0.0,0.5625,0.0,0.39670882908365773,0.0,0.9483709931373596,0.0,0.953549861907959,0.0,0.9509534239768982,0.0,0.6451612903225806,0.0,0.0,0.0,3.46938,0.005854684733897704,4.0,0.0
bm25,"RESOLUÇÃO NORMATIVA Nº 217-2024-Atualiza o Regimento Interno da Comissão Permanente de Pessoal Docente (CPPD), no âmbito do Instituto Federal de Educação, Ciência e Tecnologia do Piauí (IFPI)..pdf",Qual é o mandato dos integrantes da CPPD do IFPI?,0.5209183673469389,0.02678593924247763,0.2506938020351527,0.06926704720321623,0.488265306122449,0.06894086001752432,0.488265306122449,0.06894086001752432,0.12323705831864093,0.10606557211193078,0.8779784321784974,0.011449989150543741,0.9171380281448365,0.01216500172579182,0.8971310734748841,0.011797492033649682,0.5023255813953489,0.07205550411548685,0.0,0.0,4.559559999999999,0.03227813845658111,4.0,0.0
bm25,"RESOLUÇÃO NORMATIVA Nº 218-2024-Estab. normas, critérios e proc. para a participação de docentes (DE) em atividades remuneradas.pdf","Qual é o limite anual de horas para a participação esporádica remunerada em palestras, conferências e atividades artísticas e culturais de docentes em dedicação exclusiva?",0.28850174216027874,0.0035985907978698414,0.17205128205128203,0.028468082715712634,0.28850174216027874,0.0035985907978698414,0.28850174216027874,0.0035985907978698414,0.0,0.0,0.8008779287338257,0.0023495688735067264,0.9226816058158874,0.0022907488549402696,0.8574758052825928,0.0023359334636558985,0.36818181818181817,0.005868156585162745,0.0,0.0,4.732609999999999,0.12011406106974622,4.0,0.0
bm25,"RESOLUÇÃO NORMATIVA Nº 218-2024-Estab. normas, critérios e proc. para a participação de docentes (DE) em atividades remuneradas.pdf",Qual é o limite de carga horária para atividades remuneradas eventuais previstas no artigo 7º da Resolução Normativa nº 218 de 2024?,0.11538461538461539,0.0,0.04,0.0,0.11538461538461539,0.0,0.11538461538461539,0.0,0.0,0.0,0.8185205459594727,0.0,0.8523279428482056,0.0,0.8350822329521179,0.0,0.1,0.0,0.0,0.0,4.59332,0.009816516693817414,4.0,0.0
bm25,"RESOLUÇÃO NORMATIVA Nº 223-2024-Atualiza a Regulamentação do planejamento e o registro das atividades acadêmicas dos docentes da Carreira do Magistério do Ensino Básico, Técnico e Tecnológico do IFPI.pdf","Para cada hora de regência de aulas, quantas horas adicionais o docente computará para atividades de organização e apoio ao ensino?",0.8837209302325583,0.0,0.7804878048780488,0.0,0.8837209302325583,0.0,0.8837209302325583,0.0,0.3414504535105491,0.0,0.9086815118789673,0.0,0.9197208881378174,0.0,0.9141678810119629,0.0,0.8749999999999998,0.0,0.0,0.0,3.6569200000000004,0.009679049540114849,4.0,0.0
bm25,"RESOLUÇÃO NORMATIVA Nº 223-2024-Atualiza a Regulamentação do planejamento e o registro das atividades acadêmicas dos docentes da Carreira do Magistério do Ensino Básico, Técnico e Tecnológico do IFPI.pdf",Quais são os regimes de trabalho previstos para os docentes do EBTT no IFPI?,0.5531914893617021,0.0,0.3555555555555555,0.0,0.5531914893617021,0.0,0.5531914893617021,0.0,0.2171788734284664,0.0,0.9010717272758484,0.0,0.9406071305274963,0.0,0.9204151034355164,0.0,0.6285714285714286,0.0,0.0,0.0,4.28404,0.01194907713777297,4.0,0.0
bm25,"RESOLUÇÃO NORMATIVA Nº 236-2025-Prorroga o Plano Diretor de Tecnologia da Informação e Comunicação (PDTIC-2022-2024), do Instituto Federal de Educação, Ciência e Tecnologia do Piauí (IFPI) e Anexo.pdf",Em que guia se baseou a metodologia de elaboração do PDTIC do IFPI?,0.8399999999999999,0.0,0.75,0.0,0.8399999999999999,0.0,0.8399999999999999,0.0,0.7150762135853476,0.0,0.9745191931724548,0.0,0.9789811372756958,0.0,0.9767451286315918,0.0,0.923076923076923,0.0,0.0,0.0,4.11906,0.009001752915713512,4.0,0.0
bm25,"RESOLUÇÃO NORMATIVA Nº 236-2025-Prorroga o Plano Diretor de Tecnologia da Informação e Comunicação (PDTIC-2022-2024), do Instituto Federal de Educação, Ciência e Tecnologia do Piauí (IFPI) e Anexo.pdf",Para qual exercício foi prorrogada a vigência do PDTIC-2022/2024 do IFPI?,0.4666666666666667,0.0,0.07142857142857142,0.0,0.20000000000000004,0.0,0.20000000000000004,0.0,0.0,0.0,0.8483378887176514,0.0,0.8543418645858765,0.0,0.8513292670249939,0.0,0.46153846153846156,0.0,0.0,0.0,3.89086,0.00748512599166583,4.0,0.0
bm25,"RESOLUÇÃO NORMATIVA Nº 236-2025-Prorroga o Plano Diretor de Tecnologia da Informação e Comunicação (PDTIC-2022-2024), do Instituto Federal de Educação, Ciência e Tecnologia do Piauí (IFPI) e Anexo.pdf",Quais são as três fases da metodologia de elaboração do PDTIC descritas no documento?,1.0,0.0,1.0,0.0,1.0,0.0,1.0,0.0,1.0,0.0,1.0,0.0,1.0,0.0,1.0,0.0,1.0,0.0,1.0,0.0,3.3305999999999996,0.00868139773692407,4.0,0.0
bm25,"RESOLUÇÃO NORMATIVA Nº 236-2025-Prorroga o Plano Diretor de Tecnologia da Informação e Comunicação (PDTIC-2022-2024), do Instituto Federal de Educação, Ciência e Tecnologia do Piauí (IFPI) e Anexo.pdf",Qual resolução foi revogada pela Resolução Normativa nº 236 de 2025?,0.4444444444444445,0.0,0.29411764705882354,0.0,0.3888888888888889,0.0,0.3888888888888889,0.0,0.13829483667905937,0.0,0.9253864705562591,0.0010603724205204051,0.8559800744056701,0.0006893327674413983,0.8893311440944671,0.0008617091469699245,0.5384615384615384,0.0,0.0,0.0,4.2371300000000005,0.02724832512691779,4.0,0.0
bm25,"RESOLUÇÃO Nº 14-2025-Aprova a Criação do Curso de Aperfeiçoamento Escola da Terra, no âmbito do Instituto Federal de Educação, Ciência e Tecnologia do Piauí (IFPI) e Anexo..pdf",Qual é a carga horária total do curso Escola da Terra?,0.501140918902251,0.088292768963227,0.285974025974026,0.037590783065913,0.28536540240518043,0.06046021473815821,0.28536540240518043,0.06046021473815821,0.08688085687641889,0.04581157220447341,0.8647438883781433,0.03030795400454157,0.9384612679481507,0.004097108021200072,0.8998955130577088,0.017582374499374182,0.5383229383229382,0.06849209437540435,0.0,0.0,4.29513,0.548970600406899,4.0,0.0
bm25,"RESOLUÇÃO Nº 14-2025-Aprova a Criação do Curso de Aperfeiçoamento Escola da Terra, no âmbito do Instituto Federal de Educação, Ciência e Tecnologia do Piauí (IFPI) e Anexo..pdf",Qual é a meta física do curso Escola da Terra em número de vagas?,0.4545454545454545,0.0,0.19999999999999998,0.0,0.4545454545454545,0.0,0.4545454545454545,0.0,0.0,0.0,0.880872368812561,0.0,0.914977490901947,0.0,0.8976011276245117,0.0,0.47619047619047616,0.0,0.0,0.0,2.6696400000000002,0.007188447522085429,4.0,0.0
bm25,"RESOLUÇÃO Nº 14-2025-Aprova a Criação do Curso de Aperfeiçoamento Escola da Terra, no âmbito do Instituto Federal de Educação, Ciência e Tecnologia do Piauí (IFPI) e Anexo..pdf",Quando está previsto o início do curso Escola da Terra?,0.16666666666666669,0.0,0.0,0.0,0.16666666666666669,0.0,0.16666666666666669,0.0,0.0,0.0,0.8219438791275024,0.0,0.8310289978981018,0.0,0.8264614343643188,0.0,0.0,0.0,0.0,0.0,2.66035,0.008663493008660702,4.0,0.0
bm25,"RESOLUÇÃO Nº 14-2025-Aprova a Criação do Curso de Aperfeiçoamento Escola da Terra, no âmbito do Instituto Federal de Educação, Ciência e Tecnologia do Piauí (IFPI) e Anexo..pdf",Quem é o coordenador do curso Escola da Terra?,0.4516129032258064,0.0,0.4137931034482759,0.0,0.4516129032258064,0.0,0.4516129032258064,0.0,0.3386854985606571,0.0,0.900873601436615,0.0,0.9360523223876953,0.0,0.9181260466575623,0.0,0.5925925925925926,0.0,0.0,0.0,3.3228299999999997,0.012053127763733695,4.0,0.0
bm25,"RESOLUÇÃO Nº 27-2024-Aprova  a criação do curso de Qualificação Profissional, de Formação Inicial e Continuada (FIC) em Aquicultor, no âmbito do IFPI e Anexo.pdf",Qual é a forma de acesso ao curso FIC em Aquicultor?,0.3589743589743589,0.0,0.16216216216216217,0.0,0.30769230769230776,0.0,0.30769230769230776,0.0,0.0,0.0,0.8822669386863708,0.0,0.8946717977523804,0.0,0.8884261250495911,0.0,0.37499999999999994,0.0,0.0,0.0,3.5786299999999995,0.009459627664742157,4.0,0.0
bm25,"RESOLUÇÃO Nº 27-2024-Aprova  a criação do curso de Qualificação Profissional, de Formação Inicial e Continuada (FIC) em Aquicultor, no âmbito do IFPI e Anexo.pdf",Quantas vagas são ofertadas no curso FIC em Aquicultor?,0.11764705882352941,0.0,0.0,0.0,0.11764705882352941,0.0,0.11764705882352941,0.0,0.0,0.0,0.8231986165046692,0.0,0.8388471603393555,0.0,0.8309492468833923,0.0,0.0,0.0,0.0,0.0,2.71299,0.007456011742957025,4.0,0.0
dense_no_rerank,CURSO_SUPERIOR_DE_TECNOLOGIA_EM_ANÁLISE_E_DESENVOLVIMENTO_DE_SISTEMAS.pdf,Em que ano o Curso Superior de Tecnologia em Análise e Desenvolvimento de Sistemas foi criado no Campus de Picos?,1.0,0.0,1.0,0.0,1.0,0.0,1.0,0.0,1.0,0.0,0.9999999403953552,0.0,0.9999999403953552,0.0,0.9999999403953552,0.0,1.0,0.0,1.0,0.0,3.81347,0.011083125311331123,4.0,0.0
dense_no_rerank,CURSO_SUPERIOR_DE_TECNOLOGIA_EM_ANÁLISE_E_DESENVOLVIMENTO_DE_SISTEMAS.pdf,Qual é a carga horária total do Curso Superior de Tecnologia em Análise e Desenvolvimento de Sistemas?,0.6428571428571429,0.0,0.46153846153846156,0.0,0.6428571428571429,0.0,0.6428571428571429,0.0,0.25772294506990867,0.0,0.8713124394416809,0.0,0.9634993672370911,0.0,0.915090024471283,0.0,0.6666666666666667,0.0,0.0,0.0,3.5623199999999997,0.0073396639341773914,4.0,0.0
dense_no_rerank,CURSO_SUPERIOR_DE_TECNOLOGIA_EM_ANÁLISE_E_DESENVOLVIMENTO_DE_SISTEMAS.pdf,Qual é a unidade de oferta do Curso Superior de Tecnologia em Análise e Desenvolvimento de Sistemas descrita no PPC?,0.6666666666666666,0.0,0.42857142857142855,0.0,0.6,0.0,0.6,0.0,0.28320384389628495,0.0,0.8714810013771057,0.0,0.9715954065322876,0.0,0.9188191294670105,0.0,0.7333333333333334,0.0,0.0,0.0,3.48364,0.013659689275789252,4.0,0.0
dense_no_rerank,CURSO_SUPERIOR_DE_TECNOLOGIA_EM_ANÁLISE_E_DESENVOLVIMENTO_DE_SISTEMAS.pdf,Quantas vagas por ano são ofertadas no Curso Superior de Tecnologia em Análise e Desenvolvimento de Sistemas?,0.4444444444444445,0.0,0.32,0.0,0.4444444444444445,0.0,0.4444444444444445,0.0,0.1326475916741222,0.0,0.8291540145874023,0.0,0.955398440361023,0.0,0.8878107666969299,0.0,0.48,0.0,0.0,0.0,3.58199,0.009809230346974238,4.0,0.0
dense_no_rerank,"RESOLUÇÃO NORMATIVA Nº 217-2024-Atualiza o Regimento Interno da Comissão Permanente de Pessoal Docente (CPPD), no âmbito do Instituto Federal de Educação, Ciência e Tecnologia do Piauí (IFPI)..pdf",Como é composta a CPPD do IFPI em número de membros titulares e suplentes?,0.6046511627906976,0.0,0.3902439024390244,0.0,0.6046511627906976,0.0,0.6046511627906976,0.0,0.31645275923351984,0.0,0.9136143922805786,0.0,0.9827612638473511,0.0,0.9469271898269653,0.0,0.7027027027027029,0.0,0.0,0.0,4.1792,0.00728392446113751,4.0,0.0
dense_no_rerank,"RESOLUÇÃO NORMATIVA Nº 217-2024-Atualiza o Regimento Interno da Comissão Permanente de Pessoal Docente (CPPD), no âmbito do Instituto Federal de Educação, Ciência e Tecnologia do Piauí (IFPI)..pdf",Qual é o mandato dos integrantes da CPPD do IFPI?,0.6976744186046512,0.0,0.4878048780487805,0.0,0.6046511627906976,0.0,0.6046511627906976,0.0,0.3299895472527792,0.0,0.9243701696395874,0.0,0.944128692150116,0.0,0.9341450333595276,0.0,0.631578947368421,0.0,0.0,0.0,4.01036,0.010481115292647955,4.0,0.0
dense_no_rerank,"RESOLUÇÃO NORMATIVA Nº 218-2024-Estab. normas, critérios e proc. para a participação de docentes (DE) em atividades remuneradas.pdf","Qual é o limite anual de horas para a participação esporádica remunerada em palestras, conferências e atividades artísticas e culturais de docentes em dedicação exclusiva?",0.2926829268292683,0.0,0.20512820512820512,0.0,0.2926829268292683,0.0,0.2926829268292683,0.0,0.0,0.0,0.8036078810691833,0.0,0.9253432154655457,0.0,0.8601899147033691,0.0,0.375,0.0,0.0,0.0,4.67102,0.010698681123286844,4.0,0.0
dense_no_rerank,"RESOLUÇÃO NORMATIVA Nº 218-2024-Estab. normas, critérios e proc. para a participação de docentes (DE) em atividades remuneradas.pdf",Qual é o limite de carga horária para atividades remuneradas eventuais previstas no artigo 7º da Resolução Normativa nº 218 de 2024?,0.37499999999999994,0.0,0.21739130434782608,0.0,0.37499999999999994,0.0,0.37499999999999994,0.0,0.1049439266125276,0.0,0.8394305109977722,0.0,0.9174327850341797,0.0,0.8767000436782837,0.0,0.3589743589743589,0.0,0.0,0.0,4.94128,0.012640481706714227,4.0,0.0
dense_no_rerank,"RESOLUÇÃO NORMATIVA Nº 223-2024-Atualiza a Regulamentação do planejamento e o registro das atividades acadêmicas dos docentes da Carreira do Magistério do Ensino Básico, Técnico e Tecnológico do IFPI.pdf","Para cada hora de regência de aulas, quantas horas adicionais o docente computará para atividades de organização e apoio ao ensino?",0.9565217391304348,0.0,0.909090909090909,0.0,0.9565217391304348,0.0,0.9565217391304348,0.0,0.5339935148604845,0.0,0.9223076105117798,0.0,0.942150354385376,0.0,0.9321234226226807,0.0,0.9411764705882353,0.0,0.0,0.0,3.7335300000000005,0.011379323354224499,4.0,0.0
dense_no_rerank,"RESOLUÇÃO NORMATIVA Nº 223-2024-Atualiza a Regulamentação do planejamento e o registro das atividades acadêmicas dos docentes da Carreira do Magistério do Ensino Básico, Técnico e Tecnológico do IFPI.pdf",Quais são os regimes de trabalho previstos para os docentes do EBTT no IFPI?,0.31953986230421727,0.023125169134398833,0.14545299901337053,0.006628343161861417,0.28445472037104425,0.021729742346747592,0.28445472037104425,0.021729742346747592,0.07188576321424997,0.006827922227936776,0.8297392308712006,0.013132398237428719,0.8571789503097534,0.010488398901443947,0.8432161986827851,0.011127486561154629,0.3463414634146341,0.015425744683748204,0.0,0.0,4.957520000000001,0.29108450014080467,4.0,0.0
dense_no_rerank,"RESOLUÇÃO NORMATIVA Nº 236-2025-Prorroga o Plano Diretor de Tecnologia da Informação e Comunicação (PDTIC-2022-2024), do Instituto Federal de Educação, Ciência e Tecnologia do Piauí (IFPI) e Anexo.pdf",Em que guia se baseou a metodologia de elaboração do PDTIC do IFPI?,1.0,0.0,1.0,0.0,1.0,0.0,1.0,0.0,1.0,0.0,1.0,0.0,1.0,0.0,1.0,0.0,1.0,0.0,1.0,0.0,4.23254,0.013638686805473086,4.0,0.0
dense_no_rerank,"RESOLUÇÃO NORMATIVA Nº 236-2025-Prorroga o Plano Diretor de Tecnologia da Informação e Comunicação (PDTIC-2022-2024), do Instituto Federal de Educação, Ciência e Tecnologia do Piauí (IFPI) e Anexo.pdf",Para qual exercício foi prorrogada a vigência do PDTIC-2022/2024 do IFPI?,0.4800000000000001,0.0,0.2916666666666667,0.0,0.4,0.0,0.4,0.0,0.1690653646485627,0.0,0.8415287733078003,0.0,0.9482990503311157,0.0,0.8917292952537537,0.0,0.5405405405405406,0.0,0.0,0.0,5.2775300000000005,0.01148642193587215,4.0,0.0
dense_no_rerank,"RESOLUÇÃO NORMATIVA Nº 236-2025-Prorroga o Plano Diretor de Tecnologia da Informação e Comunicação (PDTIC-2022-2024), do Instituto Federal de Educação, Ciência e Tecnologia do Piauí (IFPI) e Anexo.pdf",Quais são as três fases da metodologia de elaboração do PDTIC descritas no documento?,1.0,0.0,1.0,0.0,1.0,0.0,1.0,0.0,1.0,0.0,1.0,0.0,1.0,0.0,1.0,0.0,1.0,0.0,1.0,0.0,3.38093,0.008884699707299644,4.0,0.0
dense_no_rerank,"RESOLUÇÃO NORMATIVA Nº 236-2025-Prorroga o Plano Diretor de Tecnologia da Informação e Comunicação (PDTIC-2022-2024), do Instituto Federal de Educação, Ciência e Tecnologia do Piauí (IFPI) e Anexo.pdf",Qual resolução foi revogada pela Resolução Normativa nº 236 de 2025?,0.39595959595959596,0.04172911349449069,0.2724857685009488,0.01861775675596226,0.3737373737373737,0.013040347967028366,0.3737373737373737,0.013040347967028366,0.0,0.0,0.9124125361442565,0.005125036541835141,0.853330421447754,0.00016565637881984878,0.8818763613700866,0.002308385626598339,0.45740740740740743,0.05259607013368103,0.0,0.0,4.6583,0.08300487268160149,4.0,0.0
dense_no_rerank,"RESOLUÇÃO Nº 14-2025-Aprova a Criação do Curso de Aperfeiçoamento Escola da Terra, no âmbito do Instituto Federal de Educação, Ciência e Tecnologia do Piauí (IFPI) e Anexo..pdf",Qual é a carga horária total do curso Escola da Terra?,1.0,0.0,1.0,0.0,1.0,0.0,1.0,0.0,1.0,0.0,1.0,0.0,1.0,0.0,1.0,0.0,1.0,0.0,1.0,0.0,3.50681,0.006517233564430069,4.0,0.0
dense_no_rerank,"RESOLUÇÃO Nº 14-2025-Aprova a Criação do Curso de Aperfeiçoamento Escola da Terra, no âmbito do Instituto Federal de Educação, Ciência e Tecnologia do Piauí (IFPI) e Anexo..pdf",Qual é a meta física do curso Escola da Terra em número de vagas?,0.7272727272727273,0.0,0.7096774193548387,0.0,0.7272727272727273,0.0,0.7272727272727273,0.0,0.5471114295717522,0.0,0.8801493048667908,0.0,0.9877628684043884,0.0,0.9308561682701111,0.0,0.7741935483870968,0.0,0.0,0.0,4.1491,0.013716089497779986,4.0,0.0
dense_no_rerank,"RESOLUÇÃO Nº 14-2025-Aprova a Criação do Curso de Aperfeiçoamento Escola da Terra, no âmbito do Instituto Federal de Educação, Ciência e Tecnologia do Piauí (IFPI) e Anexo..pdf",Quando está previsto o início do curso Escola da Terra?,0.6875,0.0,0.39999999999999997,0.0,0.625,0.0,0.625,0.0,0.36821398145189993,0.0,0.9271272420883179,0.0,0.9493149518966675,0.0,0.9380899667739868,0.0,0.7142857142857142,0.0,0.0,0.0,3.7225900000000003,0.008025715613645408,4.0,0.0
dense_no_rerank,"RESOLUÇÃO Nº 14-2025-Aprova a Criação do Curso de Aperfeiçoamento Escola da Terra, no âmbito do Instituto Federal de Educação, Ciência e Tecnologia do Piauí (IFPI) e Anexo..pdf",Quem é o coordenador do curso Escola da Terra?,0.6086956521739131,0.0,0.5714285714285713,0.0,0.6086956521739131,0.0,0.6086956521739131,0.0,0.3752502713743969,0.13858872921705165,0.9100946843624115,0.004512449112137195,0.9547943651676178,0.004584831643978672,0.9319087982177734,0.004549504131421216,0.7272727272727273,0.0,0.0,0.0,3.11395,0.011652109966296545,4.0,0.0
dense_no_rerank,"RESOLUÇÃO Nº 27-2024-Aprova  a criação do curso de Qualificação Profissional, de Formação Inicial e Continuada (FIC) em Aquicultor, no âmbito do IFPI e Anexo.pdf",Qual é a forma de acesso ao curso FIC em Aquicultor?,0.5,0.0,0.47058823529411764,0.0,0.5,0.0,0.5,0.0,0.31107972814824386,0.0,0.8755465745925903,0.0,0.9480505585670471,0.0,0.9103571772575378,0.0,0.5294117647058824,0.0,0.0,0.0,4.09264,0.010673143866733544,4.0,0.0
dense_no_rerank,"RESOLUÇÃO Nº 27-2024-Aprova  a criação do curso de Qualificação Profissional, de Formação Inicial e Continuada (FIC) em Aquicultor, no âmbito do IFPI e Anexo.pdf",Quantas vagas são ofertadas no curso FIC em Aquicultor?,0.56,0.0,0.34782608695652173,0.0,0.56,0.0,0.56,0.0,0.0,0.0,0.863581657409668,0.0,0.969627320766449,0.0,0.9135372638702393,0.0,0.608695652173913,0.0,0.0,0.0,3.76879,0.009342311158261478,4.0,0.0
dense_rerank,CURSO_SUPERIOR_DE_TECNOLOGIA_EM_ANÁLISE_E_DESENVOLVIMENTO_DE_SISTEMAS.pdf,Em que ano o Curso Superior de Tecnologia em Análise e Desenvolvimento de Sistemas foi criado no Campus de Picos?,1.0,0.0,1.0,0.0,1.0,0.0,1.0,0.0,1.0,0.0,0.9999999403953552,0.0,0.9999999403953552,0.0,0.9999999403953552,0.0,1.0,0.0,1.0,0.0,3.68866,0.012091153791098442,4.0,0.0
dense_rerank,CURSO_SUPERIOR_DE_TECNOLOGIA_EM_ANÁLISE_E_DESENVOLVIMENTO_DE_SISTEMAS.pdf,Qual é a carga horária total do Curso Superior de Tecnologia em Análise e Desenvolvimento de Sistemas?,0.5142857142857143,0.0,0.36363636363636365,0.0,0.5142857142857143,0.0,0.5142857142857143,0.0,0.17268932789342512,0.0,0.839600145816803,0.0,0.9638860821723938,0.0,0.8974605798721313,0.0,0.6,0.0,0.0,0.0,4.012510000000001,0.007450495882079715,4.0,0.0
dense_rerank,CURSO_SUPERIOR_DE_TECNOLOGIA_EM_ANÁLISE_E_DESENVOLVIMENTO_DE_SISTEMAS.pdf,Qual é a unidade de oferta do Curso Superior de Tecnologia em Análise e Desenvolvimento de Sistemas descrita no PPC?,0.18164893617021277,0.01841398345408233,0.044154589371980676,0.0004667110063184991,0.1268617021276596,0.0012846965200522652,0.1268617021276596,0.0012846965200522652,0.0,0.0,0.7910838901996613,0.00028190030599025984,0.8623552739620208,0.00016414193079874415,0.8251834392547608,7.819847115407947e-05,0.27651821862348175,0.021512165210267716,0.0,0.0,4.18492,0.024438530597762697,4.0,0.0
dense_rerank,CURSO_SUPERIOR_DE_TECNOLOGIA_EM_ANÁLISE_E_DESENVOLVIMENTO_DE_SISTEMAS.pdf,Quantas vagas por ano são ofertadas no Curso Superior de Tecnologia em Análise e Desenvolvimento de Sistemas?,0.24411764705882355,0.0075940849925635635,0.13,0.004303314829119348,0.24411764705882355,0.0075940849925635635,0.24411764705882355,0.0075940849925635635,0.0,0.0,0.8204674601554871,0.003041742906747309,0.9180768251419067,0.0017226478174304034,0.8665313720703125,0.002464069380606293,0.28177339901477827,0.005087662852160802,0.0,0.0,3.8827399999999996,0.05382176759143706,4.0,0.0
dense_rerank,"RESOLUÇÃO NORMATIVA Nº 217-2024-Atualiza o Regimento Interno da Comissão Permanente de Pessoal Docente (CPPD), no âmbito do Instituto Federal de Educação, Ciência e Tecnologia do Piauí (IFPI)..pdf",Como é composta a CPPD do IFPI em número de membros titulares e suplentes?,0.5853387259858442,0.04501784975732699,0.3719078376554517,0.05919287136560415,0.5853387259858442,0.04501784975732699,0.5853387259858442,0.04501784975732699,0.2735001567103875,0.045515977774919204,0.8970760226249694,0.015028090381570504,0.9755463361740112,0.008314647332657476,0.9346481919288635,0.011757639196370568,0.6882605682605684,0.047069336250967264,0.0,0.0,4.55113,0.4445652509287398,4.0,0.0
dense_rerank,"RESOLUÇÃO NORMATIVA Nº 217-2024-Atualiza o Regimento Interno da Comissão Permanente de Pessoal Docente (CPPD), no âmbito do Instituto Federal de Educação, Ciência e Tecnologia do Piauí (IFPI)..pdf",Qual é o mandato dos integrantes da CPPD do IFPI?,0.6976744186046512,0.0,0.4878048780487805,0.0,0.6511627906976744,0.0,0.6511627906976744,0.0,0.3446913316729032,0.0,0.9351704120635986,0.0,0.9487611055374146,0.0,0.9419167041778564,0.0,0.6842105263157895,0.0,0.0,0.0,3.90622,0.007767853986498228,4.0,0.0
dense_rerank,"RESOLUÇÃO NORMATIVA Nº 218-2024-Estab. normas, critérios e proc. para a participação de docentes (DE) em atividades remuneradas.pdf","Qual é o limite anual de horas para a participação esporádica remunerada em palestras, conferências e atividades artísticas e culturais de docentes em dedicação exclusiva?",0.33333333333333337,0.0,0.29411764705882354,0.0,0.33333333333333337,0.0,0.33333333333333337,0.0,0.16110518603734317,0.0,0.8159887194633484,0.0,0.9578015804290771,0.0,0.8812262415885925,0.0,0.48275862068965514,0.0,0.0,0.0,4.4902,0.010014434027386979,4.0,0.0
dense_rerank,"RESOLUÇÃO NORMATIVA Nº 218-2024-Estab. normas, critérios e proc. para a participação de docentes (DE) em atividades remuneradas.pdf",Qual é o limite de carga horária para atividades remuneradas eventuais previstas no artigo 7º da Resolução Normativa nº 218 de 2024?,0.3433333333333333,0.016101529717988262,0.19331896551724137,0.009369424620381104,0.3433333333333333,0.016101529717988262,0.3433333333333333,0.016101529717988262,0.08245462999593131,0.006655619935593602,0.8365852117538453,0.0003468257671288635,0.922139436006546,0.0006940258273818046,0.8772811591625214,0.00012366068984045686,0.3798913043478261,0.007875748231624728,0.0,0.0,6.24235,0.30919986434523394,4.0,0.0
dense_rerank,"RESOLUÇÃO NORMATIVA Nº 223-2024-Atualiza a Regulamentação do planejamento e o registro das atividades acadêmicas dos docentes da Carreira do Magistério do Ensino Básico, Técnico e Tecnológico do IFPI.pdf","Para cada hora de regência de aulas, quantas horas adicionais o docente computará para atividades de organização e apoio ao ensino?",0.4,0.0,0.20689655172413796,0.0,0.3333333333333333,0.0,0.3333333333333333,0.0,0.0,0.0,0.834890604019165,0.0,0.8828171491622925,0.0,0.8581852316856384,0.0,0.2926829268292683,0.0,0.0,0.0,4.6416699999999995,0.009436930998299512,4.0,0.0
dense_rerank,"RESOLUÇÃO NORMATIVA Nº 223-2024-Atualiza a Regulamentação do planejamento e o registro das atividades acadêmicas dos docentes da Carreira do Magistério do Ensino Básico, Técnico e Tecnológico do IFPI.pdf",Quais são os regimes de trabalho previstos para os docentes do EBTT no IFPI?,0.4931506849315069,0.0,0.19718309859154928,0.0,0.410958904109589,0.0,0.410958904109589,0.0,0.0,0.0,0.8409399390220642,0.0,0.9313183426856995,0.0,0.8838246464729309,0.0,0.5531914893617021,0.0,0.0,0.0,6.80801,0.00934326257554347,4.0,0.0
dense_rerank,"RESOLUÇÃO NORMATIVA Nº 236-2025-Prorroga o Plano Diretor de Tecnologia da Informação e Comunicação (PDTIC-2022-2024), do Instituto Federal de Educação, Ciência e Tecnologia do Piauí (IFPI) e Anexo.pdf",Em que guia se baseou a metodologia de elaboração do PDTIC do IFPI?,1.0,0.0,1.0,0.0,1.0,0.0,1.0,0.0,1.0,0.0,1.0,0.0,1.0,0.0,1.0,0.0,1.0,0.0,1.0,0.0,4.2670200000000005,0.0114196516778946,4.0,0.0
dense_rerank,"RESOLUÇÃO NORMATIVA Nº 236-2025-Prorroga o Plano Diretor de Tecnologia da Informação e Comunicação (PDTIC-2022-2024), do Instituto Federal de Educação, Ciência e Tecnologia do Piauí (IFPI) e Anexo.pdf",Para qual exercício foi prorrogada a vigência do PDTIC-2022/2024 do IFPI?,0.4800000000000001,0.0,0.2916666666666667,0.0,0.4,0.0,0.4,0.0,0.1690653646485627,0.0,0.8415287733078003,0.0,0.9482990503311157,0.0,0.8917292952537537,0.0,0.5405405405405406,0.0,0.0,0.0,5.34255,0.015624286650382799,4.0,0.0
dense_rerank,"RESOLUÇÃO NORMATIVA Nº 236-2025-Prorroga o Plano Diretor de Tecnologia da Informação e Comunicação (PDTIC-2022-2024), do Instituto Federal de Educação, Ciência e Tecnologia do Piauí (IFPI) e Anexo.pdf",Quais são as três fases da metodologia de elaboração do PDTIC descritas no documento?,1.0,0.0,1.0,0.0,1.0,0.0,1.0,0.0,0.828247753133104,0.0,0.9927828311920166,0.0,0.9966408014297485,0.0,0.9947080612182617,0.0,1.0,0.0,0.0,0.0,3.50163,0.011028654597104007,4.0,0.0
dense_rerank,"RESOLUÇÃO NORMATIVA Nº 236-2025-Prorroga o Plano Diretor de Tecnologia da Informação e Comunicação (PDTIC-2022-2024), do Instituto Federal de Educação, Ciência e Tecnologia do Piauí (IFPI) e Anexo.pdf",Qual resolução foi revogada pela Resolução Normativa nº 236 de 2025?,0.3636363636363636,0.0,0.2580645161290323,0.0,0.3636363636363636,0.0,0.3636363636363636,0.0,0.1371412313982141,0.0,0.9315725564956665,0.0,0.8553409576416016,0.0,0.8918307423591614,0.0,0.4347826086956522,0.0,0.0,0.0,4.88805,0.007468935667148633,4.0,0.0
dense_rerank,"RESOLUÇÃO Nº 14-2025-Aprova a Criação do Curso de Aperfeiçoamento Escola da Terra, no âmbito do Instituto Federal de Educação, Ciência e Tecnologia do Piauí (IFPI) e Anexo..pdf",Qual é a carga horária total do curso Escola da Terra?,0.787878787878788,0.0,0.7741935483870968,0.0,0.787878787878788,0.0,0.787878787878788,0.0,0.5695988432761473,0.0,0.9143187999725342,0.0,0.9894363880157471,0.0,0.9503955841064453,0.0,0.8125000000000002,0.0,0.0,0.0,3.9763600000000006,0.008204632837610738,4.0,0.0
dense_rerank,"RESOLUÇÃO Nº 14-2025-Aprova a Criação do Curso de Aperfeiçoamento Escola da Terra, no âmbito do Instituto Federal de Educação, Ciência e Tecnologia do Piauí (IFPI) e Anexo..pdf",Qual é a meta física do curso Escola da Terra em número de vagas?,0.7272727272727273,0.0,0.7096774193548387,0.0,0.7272727272727273,0.0,0.7272727272727273,0.0,0.5471114295717522,0.0,0.8801493048667908,0.0,0.9877628684043884,0.0,0.9308561682701111,0.0,0.7741935483870968,0.0,0.0,0.0,4.3632100000000005,0.013535833102464853,4.0,0.0
dense_rerank,"RESOLUÇÃO Nº 14-2025-Aprova a Criação do Curso de Aperfeiçoamento Escola da Terra, no âmbito do Instituto Federal de Educação, Ciência e Tecnologia do Piauí (IFPI) e Anexo..pdf",Quando está previsto o início do curso Escola da Terra?,0.4944281524926685,0.03029356898304018,0.20867630700778644,0.0478386831794104,0.439882697947214,0.04945888813557579,0.439882697947214,0.04945888813557579,0.1786154994060883,0.05754915358684247,0.869541472196579,0.009346537892071025,0.9172881484031677,0.011029712625408864,0.8927764296531677,0.01014530758605777,0.5608374384236453,0.028818786558184744,0.0,0.0,3.80464,0.03425979827403799,4.0,0.0
dense_rerank,"RESOLUÇÃO Nº 14-2025-Aprova a Criação do Curso de Aperfeiçoamento Escola da Terra, no âmbito do Instituto Federal de Educação, Ciência e Tecnologia do Piauí (IFPI) e Anexo..pdf",Quem é o coordenador do curso Escola da Terra?,0.6086956521739131,0.0,0.5714285714285713,0.0,0.6086956521739131,0.0,0.6086956521739131,0.0,0.5760844201603896,0.0,0.9166338443756104,0.0,0.9614384174346924,0.0,0.9385016560554504,0.0,0.7272727272727273,0.0,0.0,0.0,3.15252,0.008274431836822468,4.0,0.0
dense_rerank,"RESOLUÇÃO Nº 27-2024-Aprova  a criação do curso de Qualificação Profissional, de Formação Inicial e Continuada (FIC) em Aquicultor, no âmbito do IFPI e Anexo.pdf",Qual é a forma de acesso ao curso FIC em Aquicultor?,0.5,0.0,0.26666666666666666,0.0,0.4375,0.0,0.4375,0.0,0.0,0.0,0.8560178816318512,0.0012624633038068951,0.9253555059432983,0.0019814071189893597,0.8893371462821961,0.0015961785398346188,0.5333333333333333,0.0,0.0,0.0,3.9787100000000004,0.012271869367695218,4.0,0.0
dense_rerank,"RESOLUÇÃO Nº 27-2024-Aprova  a criação do curso de Qualificação Profissional, de Formação Inicial e Continuada (FIC) em Aquicultor, no âmbito do IFPI e Anexo.pdf",Quantas vagas são ofertadas no curso FIC em Aquicultor?,0.6545,0.15215945583498908,0.45776397515527945,0.17701681739651695,0.6545,0.15215945583498908,0.6545,0.15215945583498908,0.17908475376058935,0.28835384847147405,0.8938736498355866,0.04877474162630034,0.9752553641796112,0.009062010827115973,0.93237384557724,0.030329778014058638,0.6885869565217391,0.12863722111653675,0.0,0.0,3.6230599999999997,0.3937875857193402,4.0,0.0
tfidf,CURSO_SUPERIOR_DE_TECNOLOGIA_EM_ANÁLISE_E_DESENVOLVIMENTO_DE_SISTEMAS.pdf,Em que ano o Curso Superior de Tecnologia em Análise e Desenvolvimento de Sistemas foi criado no Campus de Picos?,1.0,0.0,1.0,0.0,1.0,0.0,1.0,0.0,1.0,0.0,0.9999999403953552,0.0,0.9999999403953552,0.0,0.9999999403953552,0.0,1.0,0.0,1.0,0.0,3.4884,0.008146028343786773,4.0,0.0
tfidf,CURSO_SUPERIOR_DE_TECNOLOGIA_EM_ANÁLISE_E_DESENVOLVIMENTO_DE_SISTEMAS.pdf,Qual é a carga horária total do Curso Superior de Tecnologia em Análise e Desenvolvimento de Sistemas?,0.0,0.0,0.0,0.0,0.0,0.0,0.0,0.0,0.0,0.0,0.8249529004096985,0.0,0.8356121182441711,0.0,0.8302482962608337,0.0,0.0,0.0,0.0,0.0,2.5072099999999997,0.010801280788252385,4.0,0.0
tfidf,CURSO_SUPERIOR_DE_TECNOLOGIA_EM_ANÁLISE_E_DESENVOLVIMENTO_DE_SISTEMAS.pdf,Qual é a unidade de oferta do Curso Superior de Tecnologia em Análise e Desenvolvimento de Sistemas descrita no PPC?,0.1739130434782609,0.0,0.0,0.0,0.13043478260869565,0.0,0.13043478260869565,0.0,0.0,0.0,0.7902743220329285,0.0,0.8632662892341614,0.0,0.8251592516899109,0.0,0.22222222222222224,0.0,0.0,0.0,4.13564,0.009107164456868147,4.0,0.0
tfidf,CURSO_SUPERIOR_DE_TECNOLOGIA_EM_ANÁLISE_E_DESENVOLVIMENTO_DE_SISTEMAS.pdf,Quantas vagas por ano são ofertadas no Curso Superior de Tecnologia em Análise e Desenvolvimento de Sistemas?,0.23529411764705882,0.0,0.0625,0.0,0.23529411764705882,0.0,0.23529411764705882,0.0,0.0,0.0,0.8184553384780884,0.0,0.9159019589424133,0.0,0.8644410371780396,0.0,0.27586206896551724,0.0,0.0,0.0,3.661,0.011358599287666298,4.0,0.0
tfidf,"RESOLUÇÃO NORMATIVA Nº 217-2024-Atualiza o Regimento Interno da Comissão Permanente de Pessoal Docente (CPPD), no âmbito do Instituto Federal de Educação, Ciência e Tecnologia do Piauí (IFPI)..pdf",Como é composta a CPPD do IFPI em número de membros titulares e suplentes?,0.4342530943099461,0.06813547229412854,0.197597273323809,0.038762651235573264,0.355117190563706,0.022619531798719516,0.355117190563706,0.022619531798719516,0.11404902521292153,0.012508341446277502,0.8874727785587311,0.015208591576823144,0.936084246635437,0.005853491592912887,0.9110262751579284,0.006083466206024771,0.4864754972537727,0.07599429772710317,0.0,0.0,4.333679999999999,0.21124232951228736,4.0,0.0
tfidf,"RESOLUÇÃO NORMATIVA Nº 217-2024-Atualiza o Regimento Interno da Comissão Permanente de Pessoal Docente (CPPD), no âmbito do Instituto Federal de Educação, Ciência e Tecnologia do Piauí (IFPI)..pdf",Qual é o mandato dos integrantes da CPPD do IFPI?,0.4117647058823529,0.0,0.3125,0.0,0.4117647058823529,0.0,0.4117647058823529,0.0,0.23321503395334311,0.0,0.8847048282623291,0.0,0.8674375414848328,0.0,0.8759860992431641,0.0,0.4375000000000001,0.0,0.0,0.0,3.18047,0.013782843602746907,4.0,0.0
tfidf,"RESOLUÇÃO NORMATIVA Nº 218-2024-Estab. normas, critérios e proc. para a participação de docentes (DE) em atividades remuneradas.pdf","Qual é o limite anual de horas para a participação esporádica remunerada em palestras, conferências e atividades artísticas e culturais de docentes em dedicação exclusiva?",0.2926829268292683,0.0,0.20512820512820512,0.0,0.2926829268292683,0.0,0.2926829268292683,0.0,0.0,0.0,0.8036078810691833,0.0,0.9253432154655457,0.0,0.8601899147033691,0.0,0.375,0.0,0.0,0.0,4.4677500000000006,0.007940368029533976,4.0,0.0
tfidf,"RESOLUÇÃO NORMATIVA Nº 218-2024-Estab. normas, critérios e proc. para a participação de docentes (DE) em atividades remuneradas.pdf",Qual é o limite de carga horária para atividades remuneradas eventuais previstas no artigo 7º da Resolução Normativa nº 218 de 2024?,0.16666666666666669,0.0,0.09090909090909091,0.0,0.16666666666666669,0.0,0.16666666666666669,0.0,0.0,0.0,0.8233992457389832,0.0,0.8057843446731567,0.0,0.814496636390686,0.0,0.1,0.0,0.0,0.0,2.93817,0.012156027311584881,4.0,0.0
tfidf,"RESOLUÇÃO NORMATIVA Nº 223-2024-Atualiza a Regulamentação do planejamento e o registro das atividades acadêmicas dos docentes da Carreira do Magistério do Ensino Básico, Técnico e Tecnológico do IFPI.pdf","Para cada hora de regência de aulas, quantas horas adicionais o docente computará para atividades de organização e apoio ao ensino?",0.8837209302325583,0.0,0.7804878048780488,0.0,0.8837209302325583,0.0,0.8837209302325583,0.0,0.3414504535105491,0.0,0.9086815118789673,0.0,0.9197208881378174,0.0,0.9141678810119629,0.0,0.8749999999999998,0.0,0.0,0.0,3.6020200000000004,0.013623248103477183,4.0,0.0
tfidf,"RESOLUÇÃO NORMATIVA Nº 223-2024-Atualiza a Regulamentação do planejamento e o registro das atividades acadêmicas dos docentes da Carreira do Magistério do Ensino Básico, Técnico e Tecnológico do IFPI.pdf",Quais são os regimes de trabalho previstos para os docentes do EBTT no IFPI?,0.5531914893617021,0.0,0.3555555555555555,0.0,0.5531914893617021,0.0,0.5531914893617021,0.0,0.2171788734284664,0.0,0.9010717272758484,0.0,0.9406071305274963,0.0,0.9204151034355164,0.0,0.6285714285714286,0.0,0.0,0.0,4.34649,0.010227897579115979,4.0,0.0
tfidf,"RESOLUÇÃO NORMATIVA Nº 236-2025-Prorroga o Plano Diretor de Tecnologia da Informação e Comunicação (PDTIC-2022-2024), do Instituto Federal de Educação, Ciência e Tecnologia do Piauí (IFPI) e Anexo.pdf",Em que guia se baseou a metodologia de elaboração do PDTIC do IFPI?,0.3768115942028986,0.0,0.2388059701492537,0.0,0.34782608695652173,0.0,0.34782608695652173,0.0,0.17078893748090399,0.0,0.8468525409698486,0.0,0.8980249762535095,0.0,0.8716883063316345,0.0,0.3673469387755102,0.0,0.0,0.0,5.21642,0.013166945144734425,4.0,0.0
tfidf,"RESOLUÇÃO NORMATIVA Nº 236-2025-Prorroga o Plano Diretor de Tecnologia da Informação e Comunicação (PDTIC-2022-2024), do Instituto Federal de Educação, Ciência e Tecnologia do Piauí (IFPI) e Anexo.pdf",Para qual exercício foi prorrogada a vigência do PDTIC-2022/2024 do IFPI?,0.38095238095238093,0.0,0.1,0.0,0.2857142857142857,0.0,0.2857142857142857,0.0,0.0,0.0,0.8385323882102966,0.0,0.8902472853660583,0.0,0.8636163473129272,0.0,0.4444444444444445,0.0,0.0,0.0,4.94811,0.012331842252207712,4.0,0.0
tfidf,"RESOLUÇÃO NORMATIVA Nº 236-2025-Prorroga o Plano Diretor de Tecnologia da Informação e Comunicação (PDTIC-2022-2024), do Instituto Federal de Educação, Ciência e Tecnologia do Piauí (IFPI) e Anexo.pdf",Quais são as três fases da metodologia de elaboração do PDTIC descritas no documento?,0.6923076923076923,0.0,0.64,0.0,0.6923076923076923,0.0,0.6923076923076923,0.0,0.3545649986147617,0.0,0.9126512408256531,0.0,0.9584945440292358,0.0,0.9350113272666931,0.0,0.6842105263157894,0.0,0.0,0.0,4.18338,0.011660169619501764,4.0,0.0
tfidf,"RESOLUÇÃO NORMATIVA Nº 236-2025-Prorroga o Plano Diretor de Tecnologia da Informação e Comunicação (PDTIC-2022-2024), do Instituto Federal de Educação, Ciência e Tecnologia do Piauí (IFPI) e Anexo.pdf",Qual resolução foi revogada pela Resolução Normativa nº 236 de 2025?,0.37500000000000006,0.0,0.26666666666666666,0.0,0.37500000000000006,0.0,0.37500000000000006,0.0,0.0,0.0,0.9381101131439209,0.0,0.8576550483703613,0.0,0.8960802555084229,0.0,0.4545454545454546,0.0,0.0,0.0,3.17629,0.0077743810042986555,4.0,0.0
tfidf,"RESOLUÇÃO Nº 14-2025-Aprova a Criação do Curso de Aperfeiçoamento Escola da Terra, no âmbito do Instituto Federal de Educação, Ciência e Tecnologia do Piauí (IFPI) e Anexo..pdf",Qual é a carga horária total do curso Escola da Terra?,0.4920000000000001,0.010327955589886514,0.38478260869565223,0.008419529013494418,0.4920000000000001,0.010327955589886514,0.4920000000000001,0.010327955589886514,0.13665514150924446,0.0037469995631235786,0.8837987065315247,0.00251681918715266,0.9603244245052338,0.0013286171632079875,0.9204732775688171,0.0019607054113045465,0.6235627530364373,0.011261563767579504,0.0,0.0,5.2926899999999995,0.05171407394940378,4.0,0.0
tfidf,"RESOLUÇÃO Nº 14-2025-Aprova a Criação do Curso de Aperfeiçoamento Escola da Terra, no âmbito do Instituto Federal de Educação, Ciência e Tecnologia do Piauí (IFPI) e Anexo..pdf",Qual é a meta física do curso Escola da Terra em número de vagas?,0.37209302325581395,0.0,0.14634146341463417,0.0,0.2325581395348837,0.0,0.2325581395348837,0.0,0.08928953574702554,0.0,0.8402918577194214,0.0,0.9158283472061157,0.0,0.8764355182647705,0.0,0.4,0.0,0.0,0.0,4.53112,0.012211451820138256,4.0,0.0
tfidf,"RESOLUÇÃO Nº 14-2025-Aprova a Criação do Curso de Aperfeiçoamento Escola da Terra, no âmbito do Instituto Federal de Educação, Ciência e Tecnologia do Piauí (IFPI) e Anexo..pdf",Quando está previsto o início do curso Escola da Terra?,0.5806451612903225,0.0,0.3448275862068965,0.0,0.5806451612903225,0.0,0.5806451612903225,0.0,0.3334477432809602,0.0,0.8885897397994995,0.0,0.9396146535873413,0.0,0.9133901596069336,0.0,0.6428571428571429,0.0,0.0,0.0,3.41873,0.0050407340735254096,4.0,0.0
tfidf,"RESOLUÇÃO Nº 14-2025-Aprova a Criação do Curso de Aperfeiçoamento Escola da Terra, no âmbito do Instituto Federal de Educação, Ciência e Tecnologia do Piauí (IFPI) e Anexo..pdf",Quem é o coordenador do curso Escola da Terra?,0.09999999999999999,0.0,0.0,0.0,0.09999999999999999,0.0,0.09999999999999999,0.0,0.0,0.0,0.8250470161437988,0.0,0.8430057168006897,0.0,0.833929717540741,0.0,0.0,0.0,0.0,0.0,2.88495,0.00912192109396072,4.0,0.0
tfidf,"RESOLUÇÃO Nº 27-2024-Aprova  a criação do curso de Qualificação Profissional, de Formação Inicial e Continuada (FIC) em Aquicultor, no âmbito do IFPI e Anexo.pdf",Qual é a forma de acesso ao curso FIC em Aquicultor?,0.42049910873440277,0.00602731058962128,0.2556451612903226,0.003895531383384279,0.3003565062388592,0.0043052218497294965,0.3003565062388592,0.0043052218497294965,0.12257318556704111,0.002451917826004402,0.861373382806778,9.066531136384306e-05,0.9269160628318787,0.0001816761240730047,0.8929436206817627,0.00013301801794250048,0.4954545454545455,0.007318877144540087,0.0,0.0,4.0429900000000005,0.02968480531630021,4.0,0.0
tfidf,"RESOLUÇÃO Nº 27-2024-Aprova  a criação do curso de Qualificação Profissional, de Formação Inicial e Continuada (FIC) em Aquicultor, no âmbito do IFPI e Anexo.pdf",Quantas vagas são ofertadas no curso FIC em Aquicultor?,0.56,0.0,0.34782608695652173,0.0,0.56,0.0,0.56,0.0,0.0,0.0,0.863581657409668,0.0,0.969627320766449,0.0,0.9135372638702393,0.0,0.608695652173913,0.0,0.0,0.0,3.8610999999999995,0.010029955134495795,4.0,0.0
